{
  "project_info": {
    "project_number": "373631242734",
    "firebase_url": "https://nextcrm-287604-default-rtdb.firebaseio.com",
    "project_id": "nextcrm-287604",
    "storage_bucket": "nextcrm-287604.appspot.com"
  },
  "client": [
    {
      "client_info": {
        "mobilesdk_app_id": "1:373631242734:android:956c9ac20912f06ede3eff",
        "android_client_info": {
          "package_name": "com.nextcrm.gfit"
        }
      },
      "oauth_client": [
        {
          "client_id": "373631242734-buemftld5kf06sktv09s5rn68jv9q6kv.apps.googleusercontent.com",
          "client_type": 1,
          "android_info": {
            "package_name": "com.nextcrm.gfit",
            "certificate_hash": "5e8f16062ea3cd2c4a0d547876baa6f38cabf625"
          }
        },
        {
          "client_id": "373631242734-9qqbf9fo2p4dgu1rsoslsbtvg0sdk3f0.apps.googleusercontent.com",
          "client_type": 3
        }
      ],
      "api_key": [
        {
          "current_key": "AIzaSyBVLJrRVLc6T5EHCzBWU-Lzf-tlbveFQkE"
        }
      ],
      "services": {
        "appinvite_service": {
          "other_platform_oauth_client": [
            {
              "client_id": "373631242734-9qqbf9fo2p4dgu1rsoslsbtvg0sdk3f0.apps.googleusercontent.com",
              "client_type": 3
            },
            {
              "client_id": "373631242734-k5ct2dbn66gffdmk2ti5gvvejajfb6nl.apps.googleusercontent.com",
              "client_type": 2,
              "ios_info": {
                "bundle_id": "com.nextfarm.nextcrm"
              }
            }
          ]
        }
      }
    },
    {
      "client_info": {
        "mobilesdk_app_id": "1:373631242734:android:3dc1e1c5023a1bedde3eff",
        "android_client_info": {
          "package_name": "com.nextcrm.pos"
        }
      },
      "oauth_client": [
        {
          "client_id": "373631242734-9qqbf9fo2p4dgu1rsoslsbtvg0sdk3f0.apps.googleusercontent.com",
          "client_type": 3
        }
      ],
      "api_key": [
        {
          "current_key": "AIzaSyBVLJrRVLc6T5EHCzBWU-Lzf-tlbveFQkE"
        }
      ],
      "services": {
        "appinvite_service": {
          "other_platform_oauth_client": [
            {
              "client_id": "373631242734-9qqbf9fo2p4dgu1rsoslsbtvg0sdk3f0.apps.googleusercontent.com",
              "client_type": 3
            },
            {
              "client_id": "373631242734-k5ct2dbn66gffdmk2ti5gvvejajfb6nl.apps.googleusercontent.com",
              "client_type": 2,
              "ios_info": {
                "bundle_id": "com.nextfarm.nextcrm"
              }
            }
          ]
        }
      }
    },
    {
      "client_info": {
        "mobilesdk_app_id": "1:373631242734:android:1fb83ddc5c736adade3eff",
        "android_client_info": {
          "package_name": "com.nextfarm.nextcrm"
        }
      },
      "oauth_client": [
        {
          "client_id": "373631242734-9qqbf9fo2p4dgu1rsoslsbtvg0sdk3f0.apps.googleusercontent.com",
          "client_type": 3
        }
      ],
      "api_key": [
        {
          "current_key": "AIzaSyBVLJrRVLc6T5EHCzBWU-Lzf-tlbveFQkE"
        }
      ],
      "services": {
        "appinvite_service": {
          "other_platform_oauth_client": [
            {
              "client_id": "373631242734-9qqbf9fo2p4dgu1rsoslsbtvg0sdk3f0.apps.googleusercontent.com",
              "client_type": 3
            },
            {
              "client_id": "373631242734-k5ct2dbn66gffdmk2ti5gvvejajfb6nl.apps.googleusercontent.com",
              "client_type": 2,
              "ios_info": {
                "bundle_id": "com.nextfarm.nextcrm"
              }
            }
          ]
        }
      }
    }
  ],
  "configuration_version": "1"
}